LinkedIn User ID,Last Updated Post Time,Last Updated Comment Time,platform_name
pradeep-li,2024-11-13 09:07:47,2024-11-11 00:36:44,LinkedIn
kushwant-kv-li,2024-11-14 00:25:27,2024-11-13 15:38:10,LinkedIn
ranjan-p-li,2024-11-10 02:48:59,2024-11-13 13:24:54,LinkedIn
user-alpha-li,2024-11-10 15:15:08,2024-11-13 16:14:51,LinkedIn
dev-sam-li,2024-11-11 10:18:19,2024-11-14 14:09:28,LinkedIn
ananya-li,2024-11-10 10:34:38,2024-11-11 05:09:07,LinkedIn
rohit-786-li,2024-11-11 10:58:55,2024-11-14 01:42:44,LinkedIn
neha-sky-li,2024-11-11 00:56:02,2024-11-13 02:19:31,LinkedIn
aditya-star-li,2024-11-13 11:41:19,2024-11-14 06:24:01,LinkedIn
vikram-xyz-li,2024-11-14 18:45:03,2024-11-14 16:36:33,LinkedIn
sneha-dreams-li,2024-11-14 18:42:05,2024-11-13 19:32:21,LinkedIn
akash-kumar-li,2024-11-11 13:03:08,2024-11-12 21:44:55,LinkedIn
meera-ch-li,2024-11-10 04:06:52,2024-11-11 13:55:55,LinkedIn
deepak-555-li,2024-11-10 06:35:38,2024-11-14 01:20:13,LinkedIn
nisha-art-li,2024-11-13 12:54:44,2024-11-11 03:57:16,LinkedIn
vivek-world-li,2024-11-13 10:17:25,2024-11-11 10:49:01,LinkedIn
radhika-28-li,2024-11-13 21:39:15,2024-11-14 14:03:26,LinkedIn
sanjay-dev-li,2024-11-11 22:13:50,2024-11-12 03:04:15,LinkedIn
rahul-j-li,2024-11-12 05:17:27,2024-11-11 13:46:19,LinkedIn
kavita-kb-li,2024-11-11 05:44:14,2024-11-13 05:07:00,LinkedIn
suraj-90-li,2024-11-11 08:07:18,2024-11-11 17:27:55,LinkedIn
anu-sweet-li,2024-11-13 02:44:27,2024-11-11 20:58:48,LinkedIn
monika-tj-li,2024-11-13 08:59:26,2024-11-14 11:18:09,LinkedIn
vijay-ram-li,2024-11-13 07:41:47,2024-11-13 02:04:23,LinkedIn
manoj-kv-li,2024-11-10 04:44:24,2024-11-10 15:26:27,LinkedIn
rekha-joy-li,2024-11-10 11:33:12,2024-11-13 08:52:09,LinkedIn
arjun-kt-li,2024-11-13 01:46:48,2024-11-13 21:16:07,LinkedIn
meghna-dz-li,2024-11-13 04:01:31,2024-11-14 15:27:31,LinkedIn
shreya-pal-li,2024-11-10 11:02:54,2024-11-13 19:03:03,LinkedIn
gopal-ms-li,2024-11-13 13:50:46,2024-11-11 11:40:29,LinkedIn
abhishek-ty-li,2024-11-11 06:28:18,2024-11-10 12:56:24,LinkedIn
kiran-pv-li,2024-11-13 10:13:18,2024-11-12 13:45:24,LinkedIn
pooja-nm-li,2024-11-11 12:06:41,2024-11-10 23:32:30,LinkedIn
rahul-mn-li,2024-11-14 16:14:30,2024-11-14 09:05:25,LinkedIn
geeta-v-li,2024-11-12 00:43:19,2024-11-12 22:58:15,LinkedIn
harish-z-li,2024-11-13 06:45:10,2024-11-10 07:30:00,LinkedIn
lakshmi-nn-li,2024-11-11 10:59:53,2024-11-13 16:39:06,LinkedIn
anil-kt-li,2024-11-10 03:38:46,2024-11-14 16:31:18,LinkedIn
divya-10-li,2024-11-10 20:02:44,2024-11-11 21:20:29,LinkedIn
vinay-king-li,2024-11-11 17:24:11,2024-11-10 06:36:05,LinkedIn
shruti-pm-li,2024-11-13 10:21:33,2024-11-13 11:44:02,LinkedIn
rajiv-kr-li,2024-11-12 17:06:55,2024-11-11 02:02:21,LinkedIn
anuj-ps-li,2024-11-10 20:07:02,2024-11-14 04:35:07,LinkedIn
sunita-rd-li,2024-11-14 20:41:38,2024-11-11 19:18:24,LinkedIn
ajay-s-li,2024-11-11 04:47:54,2024-11-13 14:29:10,LinkedIn
ritika-dev-li,2024-11-14 19:33:09,2024-11-13 12:08:00,LinkedIn
mohit-7-li,2024-11-10 23:17:34,2024-11-13 05:42:24,LinkedIn
kamal-k-li,2024-11-13 01:07:16,2024-11-13 23:10:28,LinkedIn
pritesh-rm-li,2024-11-12 12:34:22,2024-11-13 13:25:52,LinkedIn
lalit-v-li,2024-11-11 21:32:37,2024-11-11 00:03:38,LinkedIn
anurag-x-li,2024-11-10 10:44:57,2024-11-12 17:15:54,LinkedIn
